[Header];;;;
;;;;
IEMFileVersion;5;;;
;;;;
Date;08/21/19;;;
;;;;
Workflow;GenerateFASTQ;;;
;;;;
Application;HiSeq FASTQ Only;;;
;;;;
Instrument Type;HiSeq 1500/2500;;;
;;;;
Assay;Agilent_Sure_SelectXT;;;
;;;;
Index Adapters;Agilent_Sure_SelectXT;;;
;;;;
Description;PE-Amp-Lin-Block-Hyb-v 8.0;;;
;;;;
Chemistry;default;;;
;;;;
Operator;Daniel Scholtyssik / Katayoun Alemazkur ;;;
;;;;
Investigator;Layal Yasin / Ute Fischer;;;
;;;;
Backup_NAS_name;Ingerimm;;;
;;;;
kind_of_run;2x101bp;;;
;;;;
[Reads];;;;
;;;;
101;;;;
;;;;
101;;;;
;;;;
;;;;
;;;;
[Settings];;;;
;;;;
ReverseComplement;0;;;
;;;;
Adapter;AGATCGGAAGAGCACACGTCTGAACTCCAGTCA;;;
;;;;
AdapterRead2;AGATCGGAAGAGCGTCGTGTAGGGAAAGAGTGT;;;
;;;;
;;;;
;;;;
[Data];;;;
;;;;
Lane;Sample_ID;Sample_Name;Sample_Plate;Sample_Well
;;;;
1;KB0274_f;;;
;;;;
1;KB0274_m;;;
;;;;
1;KB0272_c;;;
;;;;
1;KB0272_f;;;
;;;;
2;KB0274_f;;;
;;;;
2;KB0274_m;;;
;;;;
2;KB0272_c;;;
;;;;
2;KB0272_f;;;
;;;;
3;KB0272_m;;;
;;;;
3;KB0232_c;;;
;;;;
3;KB0232_f;;;
;;;;
3;KB0232_m;;;
;;;;
4;KB0272_m;;;
;;;;
4;KB0232_c;;;
;;;;
4;KB0232_f;;;
;;;;
4;KB0232_m;;;
;;;;
5;KB0266_c;;;
;;;;
5;KB0266_f;;;
;;;;
5;KB0266_m;;;
;;;;
5;KB0270_c;;;
;;;;
6;KB0266_c;;;
;;;;
6;KB0266_f;;;
;;;;
6;KB0266_m;;;
;;;;
6;KB0270_c;;;
;;;;
7;KB0270_f;;;
;;;;
7;KB0270_m;;;
;;;;
7;KB0275_c;;;
;;;;
7;KB0275_f;;;
;;;;
8;KB0270_f;;;
;;;;
8;KB0270_m;;;
;;;;
8;KB0275_c;;;
;;;;
8;KB0275_f;;;
